user,average
1,4.188679245283019
2,3.7131782945736433
3,3.9019607843137254
4,4.190476190476191
5,3.1464646464646466
6,3.9014084507042255
7,4.32258064516129
8,3.884892086330935
9,3.7358490566037736
10,4.074626865671642
